,81
49.75,0.0
50.25,0.0
50.75,0.000209779940842
51.25,8.391197633682267e-05
51.76,0.0006293398225261
52.26,0.000818141769284
52.76,0.0
53.26,0.0002307579349262
53.76,0.0
54.26,0.0
54.76,0.0004824938639367
55.27,0.0
55.77,0.0
56.27,2.0977994084205668e-05
56.77,0.0003356479053472
57.27,0.0
57.77,0.0002936919171788
58.28,0.0
58.78,0.0
59.28,0.0002517359290104
59.78,0.0002307579349262
60.29,0.0002517359290104
60.79,0.0
61.29,0.0002936919171788
61.79,0.0001678239526736
62.3,0.0
62.8,0.0
63.3,0.0002727139230946
63.8,0.0
64.31,0.0006712958106945
64.81,0.0
65.31,0.0006083618284419
65.81,0.0001888019467578
66.31,0.0004824938639367
66.81,0.0
67.31,0.0003776038935157
67.83,0.0
68.33,0.0
68.83,0.0002307579349262
69.34,0.0
69.84,0.0001678239526736
70.34,0.0
70.84,0.000104889970421
71.34,0.0001468459585894
71.86,0.0006712958106945
72.36,0.0003566258994314
72.86,0.0
73.37,0.001027921710126
73.87,0.0002936919171788
74.37,0.0
74.88,0.0002307579349262
75.38,0.0009649877278734
75.89,0.0
76.39,0.0003776038935157
76.9,0.0
77.4,0.0
77.9,0.0
78.41,0.0
78.91,0.0
79.42,0.0
79.92,0.0004615158698525
80.43,0.0
80.93,0.0005034718580209
81.44,0.0006083618284419
81.94,0.0003985818875999
82.45,0.0005244498521051
82.95,0.0
83.46,0.0004195598816841
83.96,0.0
84.47,0.0002307579349262
84.97,0.0
85.48,0.0002517359290104
85.98,0.0008391197633682
86.49,0.0
87.0,0.0008600977574524
87.5,0.0003985818875999
88.01,0.0
88.51,0.0004195598816841
89.02,0.0
89.52,0.0
90.03,0.0
90.54,0.0006922738047787
91.04,0.000314669911263
91.55,0.000104889970421
92.05,0.0007971637751998
92.56,0.0008810757515366
93.07,0.0001468459585894
93.57,8.391197633682267e-05
94.08,0.0001468459585894
94.59,0.0004824938639367
95.09,0.0002307579349262
95.6,0.0
96.11,0.0006712958106945
96.61,0.0
97.12,0.0006712958106945
97.63,0.0002307579349262
98.13,0.0
98.64,0.0003985818875999
99.15,0.0007132517988629
99.66,0.0
100.16,0.0
100.67,0.0003985818875999
101.18,0.0
101.68,0.0
102.19,0.0007761857811156
102.7,0.0007132517988629
103.21,0.0004615158698525
103.71,0.0
104.22,0.0011537896746313
104.73,0.0
105.24,0.0003985818875999
105.75,0.0
106.25,0.0
106.76,0.0008391197633682
107.27,0.0011747676687155
107.78,0.0005244498521051
108.29,0.0005873838343577
108.79,0.0008600977574524
109.3,0.0
109.81,0.0006922738047787
110.32,0.0005034718580209
110.83,0.0
111.34,0.0
111.85,0.000104889970421
112.35,0.0002307579349262
112.86,0.000104889970421
113.37,0.0002307579349262
113.88,0.0004405378757683
114.39,0.0001888019467578
114.9,0.0
115.41,0.0
115.92,0.0001888019467578
116.43,0.0007342297929471
116.93,6.2933982252617e-05
117.44,0.0007552077870314
117.95,0.0
118.46,2.0977994084205668e-05
118.97,0.0
119.48,0.000923031739705
119.99,0.0006712958106945
120.5,0.0
121.01,0.0007552077870314
121.52,0.0006083618284419
122.03,0.0
122.54,0.000104889970421
123.05,0.0002727139230946
123.56,0.0002727139230946
124.07,0.0
124.58,0.0004615158698525
125.09,0.000818141769284
125.6,0.0
126.11,0.0005873838343577
126.62,0.000314669911263
127.13,0.0
127.64,6.2933982252617e-05
128.15,0.0003356479053472
128.66,8.391197633682267e-05
129.18,8.391197633682267e-05
129.69,0.0
130.19,0.0
130.71,0.0
131.22,0.0003985818875999
131.72,0.0003566258994314
132.24,0.0
132.75,0.0
133.26,0.0002936919171788
133.77,0.0
134.29,0.0
134.8,0.0002727139230946
135.31,0.0008810757515366
135.82,0.0002936919171788
136.33,0.0007342297929471
136.84,0.0004824938639367
137.36,0.0
137.87,2.0977994084205668e-05
138.38,0.0006712958106945
138.88,0.0002517359290104
139.4,0.0
139.91,0.0
140.43,0.0013845476095575
140.94,0.0001678239526736
141.44,0.0004195598816841
141.96,0.0007342297929471
142.47,0.0
142.99,0.0002936919171788
143.5,0.0001678239526736
144.01,0.0
144.53,0.0
145.04,0.0004405378757683
145.55,0.0005034718580209
146.06,0.0002727139230946
146.58,0.0007761857811156
147.09,0.000209779940842
147.6,0.0
148.11,0.0001258679645052
148.63,0.0
149.13,0.0007342297929471
149.65,0.0008600977574524
150.16,0.0
150.68,0.0001888019467578
151.19,6.2933982252617e-05
151.71,0.000104889970421
152.22,0.0017621515030732
152.72,0.0003985818875999
153.25,0.000104889970421
153.76,0.0004405378757683
154.28,0.0
154.79,0.0006503178166103
155.3,0.0005244498521051
155.82,6.2933982252617e-05
156.33,0.0005034718580209
156.84,0.0004195598816841
157.36,0.0002727139230946
157.87,0.0002307579349262
158.38,0.0003566258994314
158.9,0.0
159.41,0.0
159.93,0.000104889970421
160.44,0.000209779940842
160.96,0.0007971637751998
161.47,0.0
161.99,0.0001678239526736
162.5,0.0001258679645052
163.02,2.0977994084205668e-05
163.53,0.0001888019467578
164.05,0.0003985818875999
164.56,0.0
165.08,0.0
165.59,0.0004195598816841
166.11,0.0007971637751998
166.62,0.0001678239526736
167.14,0.0006922738047787
167.65,2.0977994084205668e-05
168.17,0.0010069437160418
168.68,0.0
169.2,0.0
169.72,0.0
170.23,0.000314669911263
170.75,0.0002307579349262
171.26,0.0012377016509681
171.78,0.0
172.29,6.2933982252617e-05
172.81,0.0
173.33,0.0001678239526736
173.84,0.0008810757515366
174.36,0.0
174.87,0.0005873838343577
175.39,0.0003356479053472
175.91,0.0006083618284419
176.42,0.0001678239526736
176.94,0.0002727139230946
177.46,0.0
177.97,0.000209779940842
178.49,0.0
179.01,0.0001468459585894
179.52,0.0005034718580209
180.04,0.0003985818875999
180.56,0.0002307579349262
181.07,0.0
181.59,0.0005244498521051
182.11,0.0002307579349262
182.62,0.0004824938639367
183.14,6.2933982252617e-05
183.66,0.0001258679645052
184.17,0.0001258679645052
184.69,0.0013216136273049
185.21,0.0005873838343577
185.73,6.2933982252617e-05
186.24,0.0
186.76,0.0002936919171788
187.28,6.2933982252617e-05
187.8,0.0
188.31,0.0003356479053472
188.83,0.000209779940842
189.35,0.0006922738047787
189.87,0.000104889970421
190.39,6.2933982252617e-05
190.9,0.0006922738047787
191.42,0.0006083618284419
191.94,0.0002517359290104
192.46,0.0
192.98,0.0011118336864629
193.5,0.000104889970421
194.01,0.0
194.53,0.0006293398225261
195.05,4.1955988168411336e-05
195.57,0.0006503178166103
196.09,0.0007342297929471
196.61,0.0006083618284419
197.12,0.0009440097337892
197.64,0.000314669911263
198.16,0.0007132517988629
198.68,0.0005664058402735
199.2,0.000209779940842
199.72,0.0002517359290104
200.24,0.0001258679645052
200.76,0.0006922738047787
201.28,0.0005454278461893
201.8,0.0003985818875999
202.32,0.0001258679645052
202.83,0.000104889970421
203.35,0.0003985818875999
203.87,0.0007552077870314
204.39,8.391197633682267e-05
204.91,0.0002307579349262
205.43,0.0011118336864629
205.95,0.0005664058402735
206.47,0.000923031739705
206.99,0.0004824938639367
207.51,0.0005244498521051
208.03,0.0014265035977259
208.55,0.0008391197633682
209.07,0.0002936919171788
209.59,0.0011118336864629
210.11,0.0015943275503996
210.63,0.0005454278461893
211.15,0.0009859657219576
211.67,0.0009440097337892
212.19,0.0007761857811156
212.71,0.0001258679645052
213.24,0.0008810757515366
213.76,0.000818141769284
214.28,0.0006503178166103
214.8,0.0013425916213891
215.32,0.0006712958106945
215.84,0.0006293398225261
216.36,0.0010069437160418
216.88,2.0977994084205668e-05
217.4,0.0001258679645052
217.92,0.0008810757515366
218.44,0.0014894375799786
218.97,0.0001468459585894
219.49,0.0016153055444838
220.01,0.0014894375799786
220.53,0.0013845476095575
221.05,0.0019089974616627
221.57,0.0027271392309467
222.09,0.0019089974616627
222.62,0.0007971637751998
223.14,0.0008600977574524
223.66,0.0014265035977259
224.18,0.0014055256036417
224.7,0.0015523715622312
225.23,0.0012377016509681
225.75,0.0021817113847573
226.27,0.0025173592901046
226.79,0.0006083618284419
227.31,0.0002307579349262
227.84,0.0003356479053472
228.36,0.0011328116805471
228.88,0.0009440097337892
229.4,0.0007132517988629
229.93,0.0007342297929471
230.45,0.0019509534498311
230.97,0.0015523715622312
231.49,0.0001258679645052
232.02,0.0002936919171788
232.54,0.0010488997042102
233.06,0.001531393568147
233.58,0.0017621515030732
234.11,0.0031047431244624
234.63,0.0031466991126308
235.15,0.0027690952191151
235.68,0.0016992175208206
236.2,0.0018670414734943
236.72,0.0006922738047787
237.25,0.0013425916213891
237.77,0.0004195598816841
238.29,0.0006503178166103
238.82,0.000314669911263
239.34,0.0001468459585894
239.86,0.0006712958106945
240.39,0.0016782395267364
240.91,0.0012167236568839
241.43,0.0009649877278734
241.96,0.0010069437160418
242.48,0.0015104155740628
243.01,0.0026851832427783
243.53,0.0028530071954519
244.05,0.0029578971658729
244.58,0.0023285573433468
245.1,0.0020768214143363
245.63,0.0016782395267364
246.15,0.0018880194675785
246.68,0.0023075793492626
247.2,0.0016782395267364
247.73,0.0011537896746313
248.25,0.0005244498521051
248.77,0.0013006356332207
249.3,0.0006922738047787
249.82,0.0015733495563154
250.35,0.003167677106715
250.87,0.0045102687281042
251.4,0.0057269923849881
251.92,0.0056221024145671
252.45,0.0032096330948834
252.97,0.0027690952191151
253.5,0.00224464536701
254.02,0.0020558434202521
254.55,0.0017621515030732
255.07,0.0023075793492626
255.6,0.0007132517988629
256.12,0.0012167236568839
256.64,0.0010908556923786
257.18,0.0009859657219576
257.7,0.0012377016509681
258.23,0.0014684595858943
258.75,0.000923031739705
259.27,0.0011537896746313
259.8,0.0003985818875999
260.33,0.0011328116805471
260.86,0.0009020537456208
261.38,0.0011118336864629
261.91,0.0014265035977259
262.43,0.0011118336864629
262.95,0.0011537896746313
263.49,0.0003776038935157
264.01,0.0006712958106945
264.54,0.0014684595858943
265.07,0.0006712958106945
265.58,0.0014055256036417
266.12,0.0010698776982944
266.64,0.0011957456627997
267.17,0.0014474815918101
267.7,0.0007342297929471
268.23,0.0009020537456208
268.75,0.001531393568147
269.27,0.0012377016509681
269.81,0.0016992175208206
270.33,0.0004615158698525
270.86,0.0016782395267364
271.39,0.0003776038935157
271.92,0.0012167236568839
272.44,0.000818141769284
272.97,0.0008600977574524
273.5,0.0006083618284419
274.02,0.0007552077870314
274.55,0.0005873838343577
275.08,0.0008391197633682
275.61,0.0009440097337892
276.13,0.0007552077870314
276.66,0.0012586796450523
277.19,0.0013425916213891
277.72,0.0018250854853258
278.25,0.0012377016509681
278.77,0.0019299754557469
279.3,0.0031257211185466
279.83,0.0052235205269672
280.36,0.0097337892550714
280.89,0.0122301705510919
281.41,0.0121252805806708
281.94,0.0079506597579139
282.47,0.0034403910298097
283.0,0.0023075793492626
283.52,0.00184606347941
284.06,0.0014265035977259
284.58,0.0012586796450523
285.11,0.0008391197633682
285.64,0.0015733495563154
286.17,0.0017621515030732
286.7,0.0016572615326522
287.23,0.0025383372841888
287.76,0.0041116868405043
288.29,0.0034613690238939
288.82,0.0028530071954519
289.35,0.0018041074912416
289.87,0.0020977994084205
290.39,0.0021607333906731
290.93,0.0027900732131993
291.45,0.0037131049529044
291.99,0.0046151586985252
292.52,0.0079506597579139
293.05,0.0188801946757851
293.58,0.0385365751326858
294.11,0.0723531015964253
294.64,0.1056032222198913
295.17,0.134636766032432
295.7,0.136273049571
296.23,0.1199731481675722
296.76,0.0961631248819987
297.29,0.0904361324970106
297.82,0.0574587257966393
298.35,0.015607627598649
298.88,0.005202542532883
299.41,0.0043844007635989
299.94,0.0041536428286727
300.47,0.0048459166334515
301.0,0.0043004887872621
301.52,0.0053284104973882
302.06,0.0052654765151356
302.58,0.0042165768109253
303.12,0.0034823470179781
303.64,0.0033564790534729
304.18,0.0043634227695147
304.7,0.0031886551007992
305.25,0.0043004887872621
305.77,0.0041536428286727
306.31,0.0044053787576831
306.83,0.0058948163376617
307.37,0.0082863076632612
307.89,0.0122301705510919
308.43,0.0200759403385848
308.95,0.031928506996161
309.49,0.0504310977784304
310.02,0.0733180893242988
310.56,0.1004845916633451
311.08,0.1310914850322012
311.62,0.1559713860160691
312.14,0.1866831693553462
312.68,0.2554280559692882
313.22,0.3220541651807254
313.75,0.3166418427070003
314.27,0.3546959239757494
314.81,0.4853258931380981
315.33,0.5721747886467096
315.87,0.4543833518638948
316.41,0.1508317774654387
316.94,0.0258658667058255
317.47,0.0119784346220814
318.0,0.0090415154502926
318.54,0.0077828358052403
319.07,0.0069227380477878
319.6,0.0059157943317459
320.13,0.0058528603494933
320.67,0.0050766745683777
321.2,0.0042585327990937
321.73,0.0051186305565461
322.26,0.0041326648345885
322.8,0.0041746208227569
323.33,0.0048668946275357
323.86,0.0074052319117246
324.39,0.0123560385155971
324.93,0.0169921752082065
325.45,0.025299460865552
325.99,0.0349283601502024
326.52,0.0399001447481591
327.06,0.039480584866475
327.58,0.0420399001447481
328.13,0.0441796555413371
328.66,0.033459900564308
329.19,0.0234324193920577
329.73,0.0277748641674883
330.26,0.0339633724223289
330.79,0.0348444481738656
331.33,0.0329354507122029
331.86,0.0387253770794436
332.4,0.057227967861713
332.93,0.0817722209402336
333.46,0.1173508989070465
334.0,0.171872705531897
334.53,0.268665170236422
335.07,0.4451110784786758
335.6,0.6916234869621767
336.13,0.922675113805618
336.67,1.0
337.2,0.6828756634290629
337.74,0.1789213115441901
338.27,0.0299775535463299
338.81,0.0172229331431328
339.34,0.01346787220206
339.87,0.0126287524386918
340.41,0.0108875789297027
340.94,0.0091044494325452
341.48,0.0083282636514296
342.01,0.0075940338584824
342.55,0.0075940338584824
343.08,0.0072164299649667
343.62,0.0071954519708825
344.15,0.007552077870314
344.69,0.0076779458348192
345.22,0.0083911976336822
345.76,0.0098386792254924
346.29,0.0105729090184396
346.83,0.014390903941765
347.36,0.016635549308775
347.9,0.0227821015754473
348.44,0.0328305607417818
348.97,0.045186599257379
349.51,0.0550672344710398
350.04,0.0573748138203025
350.58,0.0618850825484067
351.11,0.0875831253015586
351.65,0.1313012649730432
352.19,0.1885082548406721
352.72,0.2401770542700707
353.26,0.2567077136084247
353.79,0.1918227779059766
354.33,0.1300006293398225
354.87,0.1680337326144874
355.4,0.2552812100106987
355.94,0.3836665338060375
356.47,0.5204220772409742
357.01,0.5915584551805156
357.55,0.4973043277601796
358.08,0.189620088527135
358.62,0.0334389225702238
359.16,0.0124399504919339
359.69,0.0104889970421028
360.23,0.009901613207745
360.77,0.0094191193438083
361.3,0.0094610753319767
361.84,0.009901613207745
362.38,0.0100484591663345
362.91,0.0109295349178711
363.45,0.0131322242967127
363.99,0.0132580922612179
364.53,0.0133000482493863
365.06,0.0144538379240177
365.6,0.0195305124923954
366.14,0.0248379449956995
366.68,0.0275650842266462
367.21,0.0252155488892152
367.75,0.0208731041137846
368.29,0.022341563699679
368.83,0.0304180914220982
369.36,0.0446411714111896
369.9,0.060080975057165
370.44,0.0673603390043844
370.98,0.060794226856028
371.51,0.0435293377247267
372.05,0.0369842035704545
372.59,0.0491304621452096
373.13,0.0701294342234995
373.67,0.0974008265329669
374.21,0.1285111917598439
374.74,0.1522163250749963
375.28,0.1528456648975225
375.82,0.0921563280119155
376.36,0.038054081268749
376.9,0.037340829469886
377.44,0.0526128091631878
377.97,0.0794226856028026
378.51,0.1147915836287734
379.05,0.1578594054836476
379.59,0.1933331934800394
380.13,0.1915710419769661
380.67,0.1114141265812163
381.21,0.0260756466466676
381.75,0.0081814176928402
382.29,0.0079926157460823
382.82,0.008370219639598
383.36,0.0101743271308397
383.9,0.0129644003440391
384.44,0.0156286055927332
384.98,0.0174536910780591
385.52,0.017852272965659
386.06,0.0150412217583754
386.6,0.0159432755039963
387.14,0.0204955002202689
387.68,0.0280685560846671
388.22,0.0369632255763703
388.76,0.0406343745411063
389.3,0.0437810736537372
389.84,0.0398791667540749
390.38,0.0379911472864964
390.92,0.0453124672218842
391.46,0.0431727118252952
392.0,0.0330193626885397
392.54,0.037026159558623
393.08,0.0481235184291678
393.62,0.0506408777192724
394.16,0.0449348633283685
394.7,0.0228869915458683
395.24,0.0127965763913654
395.78,0.0166775052969435
396.32,0.0223205857055948
396.86,0.0300195095344983
397.4,0.0414105603222219
397.94,0.0564517820805974
398.48,0.0716818057857307
399.02,0.0763179424783402
399.56,0.0697098743418154
400.11,0.0353059640437181
400.65,0.0116847427049025
401.19,0.009901613207745
401.73,0.0125238624682707
402.27,0.0169082632318697
402.81,0.0232855734334682
403.35,0.0316348150789821
403.89,0.0421657681092533
404.43,0.0538295328200717
404.98,0.0612347647317963
405.52,0.0589062073884495
406.06,0.0366485556651073
406.6,0.0125867964505234
407.14,0.0082863076632612
407.68,0.0092932513793031
408.23,0.0116427867167341
408.77,0.0134888501961442
409.31,0.011118336864629
409.85,0.0071325179886299
410.39,0.005517212444146
410.93,0.0069017600537036
411.48,0.0081184837105875
412.02,0.0120623465984182
412.56,0.0155446936163964
413.1,0.0169711972141223
413.65,0.0168033732614487
414.19,0.013362982231639
414.73,0.006943716041872
415.27,0.005517212444146
415.82,0.0065241561601879
416.36,0.0081394617046717
416.9,0.0101323711426713
417.44,0.013362982231639
417.99,0.0187543267112798
418.53,0.0229079695399525
419.07,0.0255302188004783
419.61,0.024795989007531
420.16,0.0187123707231114
420.7,0.0096079212905661
421.24,0.0071534959827141
421.79,0.0086219555686085
422.33,0.0110763808764605
422.87,0.0125867964505234
423.42,0.0143699259476808
423.96,0.0170551091904592
424.5,0.0203696322557637
425.05,0.0255931527827309
425.59,0.0310893872327928
426.13,0.034173152363171
426.68,0.0322012209192557
427.22,0.0211667960309635
427.76,0.0125028844741865
428.31,0.0066919801128616
428.85,0.003880928905578
429.4,0.003880928905578
429.94,0.0054542784618934
430.48,0.0053913444796408
431.03,0.0061885082548406
431.57,0.0088527135035347
432.12,0.0118315886634919
432.66,0.0146426398707755
433.2,0.0178103169774906
433.75,0.0196563804569007
434.29,0.0172648891313012
434.84,0.0109085569237869
435.38,0.006230464243009
435.93,0.0040487528582516
436.47,0.0024963812960204
437.02,0.0022026893788415
437.56,0.00224464536701
438.11,0.0037131049529044
438.65,0.0033984350416413
439.2,0.0057060143909039
439.74,0.0063982881956827
440.29,0.0072164299649667
440.83,0.0071534959827141
441.38,0.0067549140951142
441.92,0.0043634227695147
442.47,0.0022866013551784
443.01,0.0024124693196836
443.56,0.0027061612368625
444.1,0.0026012712664415
444.65,0.0040697308523358
445.19,0.003062787136294
445.74,0.003985818875999
446.28,0.0056221024145671
446.83,0.0073213199353877
447.38,0.0084331536218506
447.92,0.0088107575153663
448.47,0.0088736914976189
449.01,0.0065661121483563
449.56,0.0027271392309467
450.1,0.0021397553965889
450.65,0.0023705133315152
451.2,0.0017201955149048
451.74,0.0029369191717887
452.29,0.0027900732131993
452.84,0.0031257211185466
453.38,0.0033774570475571
453.93,0.0051186305565461
454.47,0.0052235205269672
455.02,0.006838826071451
455.57,0.0073842539176403
456.11,0.0087897795212821
456.66,0.0081394617046717
457.21,0.0073213199353877
457.75,0.0028949631836203
458.3,0.0019509534498311
458.85,0.0035872369883991
459.39,0.0024963812960204
459.94,0.0023285573433468
460.49,0.0020348654261679
461.04,0.002349535337431
461.58,0.0026432272546099
462.13,0.003272567077136
462.68,0.0046151586985252
463.22,0.0050766745683777
463.77,0.0053703664855566
464.32,0.0067549140951142
464.87,0.0063773102015985
465.41,0.0057060143909039
465.96,0.0054333004678092
466.51,0.003167677106715
467.06,0.0032515890830518
467.6,0.0027900732131993
468.15,0.0024334473137678
468.7,0.0028110512072835
469.25,0.0029788751599572
469.8,0.0043844007635989
470.34,0.0047829826511988
470.89,0.0043424447754305
471.44,0.0035452810002307
471.99,0.0029998531540414
472.54,0.0019929094379995
473.08,0.0019719314439153
473.63,0.0011957456627997
474.18,0.002559315278273
474.73,0.0026432272546099
475.28,0.0020558434202521
475.83,0.0022866013551784
476.38,0.0020558434202521
476.92,0.00224464536701
477.47,0.0021397553965889
478.02,0.0019929094379995
478.57,0.0026012712664415
479.12,0.0024963812960204
479.67,0.0031886551007992
480.22,0.0033564790534729
480.77,0.0040277748641674
481.32,0.0030418091422098
481.86,0.0018041074912416
482.41,0.0012586796450523
482.96,0.0014684595858943
483.51,0.0016992175208206
484.06,0.0007761857811156
484.61,0.0012377016509681
485.16,0.0018670414734943
485.71,0.0018250854853258
486.26,0.0008810757515366
486.81,0.0013845476095575
487.36,0.0020138874320837
487.91,0.0019719314439153
488.46,0.0026222492605257
489.01,0.0027271392309467
489.56,0.0026012712664415
490.11,0.0028739851895361
490.66,0.0041326648345885
491.21,0.0029998531540414
491.76,0.0021817113847573
492.31,0.0011118336864629
492.86,0.0016153055444838
493.41,0.0019929094379995
493.96,0.0013635696154733
494.51,0.0020348654261679
495.06,0.0016572615326522
495.61,0.0018250854853258
496.16,0.002559315278273
496.71,0.0013216136273049
497.26,0.0014684595858943
497.81,0.0013425916213891
498.36,0.0016153055444838
498.91,0.0026851832427783
499.47,0.0027271392309467
500.02,0.0022656233610942
500.57,0.0028739851895361
501.12,0.00224464536701
501.67,0.0020977994084205
502.22,0.0027481172250309
502.77,0.0023914913255994
503.32,0.0031466991126308
503.87,0.0019299754557469
504.43,0.0026432272546099
504.98,0.002454425307852
505.53,0.0028739851895361
506.08,0.0024124693196836
506.63,0.0029998531540414
507.18,0.0027690952191151
507.73,0.0017831294971574
508.29,0.0013216136273049
508.84,0.0013425916213891
509.39,0.0016153055444838
509.94,0.0016782395267364
510.49,0.0018670414734943
511.05,0.0018880194675785
511.6,0.0013845476095575
512.15,0.0014684595858943
512.7,0.0021607333906731
513.25,0.0024334473137678
513.8,0.0021397553965889
514.36,0.0024334473137678
514.91,0.0021187774025047
515.46,0.0035033250120623
516.02,0.0032515890830518
516.57,0.0035033250120623
517.12,0.0036291929765675
517.66,0.003062787136294
518.23,0.0028949631836203
518.78,0.0020977994084205
519.33,0.0023914913255994
519.88,0.0016992175208206
520.44,0.0022026893788415
520.99,0.0016153055444838
521.54,0.0013006356332207
522.1,0.0016992175208206
522.65,0.0014265035977259
523.2,0.0011747676687155
523.76,0.0010069437160418
524.3,0.0010069437160418
524.86,0.0008600977574524
525.41,0.0014894375799786
525.97,0.0004405378757683
526.52,0.0005244498521051
527.08,0.001636283538568
527.63,0.0018250854853258
528.17,0.0014055256036417
528.74,0.0010698776982944
529.29,0.0018670414734943
529.85,0.0016782395267364
530.4,0.0028110512072835
530.95,0.0023914913255994
531.51,0.0028949631836203
532.05,0.0035243030061465
532.62,0.0045102687281042
533.16,0.0058318823554091
533.72,0.0076150118525666
534.28,0.0096498772787346
534.83,0.0119784346220814
535.39,0.0126287524386918
535.94,0.0119784346220814
536.5,0.0140342780423335
537.04,0.0134888501961442
537.6,0.0136356961547336
538.16,0.0142440579831756
538.71,0.0144538379240177
539.27,0.0146636178648597
539.82,0.0149573097820386
540.38,0.0147475298411965
540.92,0.0131741802848811
541.49,0.0135517841783968
542.04,0.0150202437642912
542.6,0.0139503660659967
543.15,0.0139084100778283
543.71,0.0132161362730495
544.26,0.0137825421133231
544.82,0.0130273343262917
545.37,0.0129434223499548
545.92,0.0117266986930709
546.48,0.0122931045333445
547.04,0.0112022488409658
547.59,0.0103841070716818
548.15,0.0090205374562084
548.71,0.0086848895508611
549.26,0.0088736914976189
549.82,0.0079716377519981
550.37,0.0084331536218506
550.92,0.0083072856573454
551.48,0.0072793639472193
552.04,0.0076989238289034
552.6,0.0061885082548406
553.15,0.0066500241246931
553.71,0.0056640584027355
554.27,0.0055381904382302
554.82,0.005307432503304
555.38,0.004594180704441
555.92,0.0052654765151356
556.49,0.0039228848937464
557.04,0.0045312467221884
557.6,0.0039648408819148
558.16,0.0035662589943149
558.72,0.0037131049529044
559.27,0.0036291929765675
559.83,0.0032515890830518
560.39,0.0020977994084205
560.94,0.0026851832427783
561.5,0.0026642052486941
562.05,0.00224464536701
562.61,0.0013845476095575
563.16,0.0027061612368625
563.73,0.0014265035977259
564.28,0.0018670414734943
564.84,0.0014894375799786
565.4,0.0014684595858943
565.96,0.001636283538568
566.51,0.0015733495563154
567.07,0.0014684595858943
567.63,0.002454425307852
568.19,0.0028949631836203
568.74,0.0049717845979567
569.29,0.0063143762193459
569.86,0.0079296817638297
570.41,0.0121043025865866
570.97,0.0156495835868174
571.53,0.0206843021670267
572.09,0.0271874803331305
572.65,0.0305229813925192
573.2,0.0323690448719293
573.76,0.0326627367891082
574.32,0.033355010593887
574.88,0.0327676267595292
575.44,0.031928506996161
576.0,0.0329774067003713
576.54,0.0358513918899074
577.11,0.0419769661624955
577.66,0.0446411714111896
578.23,0.0468858167781996
578.79,0.0452075772514632
579.35,0.0472843986657995
579.9,0.043864985630074
580.46,0.0423965260441796
581.02,0.0427531519436111
581.58,0.0477459145356521
582.14,0.0537036648555665
582.7,0.0571440558853762
583.26,0.0573957918143867
583.82,0.0564517820805974
584.37,0.0546896305775241
584.92,0.0501793618494199
585.49,0.0428999979022005
586.04,0.043256623801632
586.61,0.0489206822043676
587.16,0.0538924668023243
587.73,0.0567874299859447
588.29,0.0588432734061969
588.85,0.0579621976546602
589.41,0.0579202416664918
589.97,0.052130315299251
590.53,0.0436342276951477
591.09,0.0407392645115274
591.65,0.0433405357779689
592.21,0.049067528162957
592.76,0.0537456208437349
593.32,0.0542490927017558
593.88,0.0537665988378191
594.44,0.054374960666261
595.0,0.0517107554175669
595.55,0.0447670393756948
596.12,0.0381170152510017
596.67,0.0374457194403071
597.24,0.0425223940086848
597.79,0.0480186284587467
598.37,0.0509135916423671
598.92,0.0515009754767249
599.49,0.0495080660387253
600.04,0.0512911955358828
600.61,0.047641024565231
601.16,0.0404036166061801
601.73,0.0348654261679498
602.29,0.0343619543099288
602.85,0.0395225408546434
603.41,0.043760095659653
603.97,0.0466760368373576
604.53,0.0471165747131259
605.09,0.0451446432692105
605.65,0.0440747655709161
606.21,0.0408231764878642
606.78,0.0330613186767081
607.34,0.026222492605257
607.9,0.023977847238247
608.46,0.0262434705993412
609.02,0.0263693385638465
609.58,0.0290964777947932
610.14,0.0298307075877404
610.7,0.028467137972267
611.27,0.0284881159663513
611.83,0.0274182382680568
612.39,0.0226352556168579
612.95,0.0179152069479116
613.51,0.0152510016992175
614.07,0.0168453292496171
614.64,0.0184186788059325
615.2,0.0194046445278902
615.76,0.0205794121966057
616.32,0.0194466005160586
616.88,0.0188172606935324
617.44,0.0181040088946694
618.01,0.0175795590425643
618.57,0.0147894858293649
619.13,0.0132580922612179
619.69,0.013572762172481
620.26,0.0145797058885229
620.82,0.0172648891313012
621.38,0.0199081163859111
621.94,0.0218380918416581
622.51,0.021523421930395
623.07,0.0215863559126476
623.63,0.0218380918416581
624.19,0.0212087520191319
624.76,0.0199081163859111
625.32,0.0193626885397218
625.88,0.0185025907822693
626.44,0.0209360380960372
627.01,0.0240827372086681
627.57,0.0293901697119721
628.13,0.0356416119490654
628.7,0.0412427363695483
629.26,0.0415364282867272
629.82,0.0412007803813799
630.39,0.0412007803813799
630.95,0.0398581887599907
631.51,0.0355786779668128
632.08,0.0319494849902452
632.64,0.0303761354339298
633.2,0.0301034215108351
633.77,0.0345717342507709
634.33,0.0405504625647695
634.89,0.0496549119973148
635.46,0.0570811219031236
636.02,0.061507478654891
636.58,0.0612976987140489
637.15,0.0602068430216702
637.71,0.0619689945247435
638.28,0.0576475277433971
638.84,0.052633787157272
639.4,0.0435083597306425
639.97,0.0399001447481591
640.53,0.0435083597306425
641.1,0.0463194109379261
641.66,0.0567454739977763
642.22,0.0689127105666156
642.79,0.0815414630053074
643.35,0.0878977952128217
643.91,0.0871845434139587
644.48,0.0858629297866538
645.04,0.0886949589880215
645.61,0.083135790555707
646.17,0.0769263043067821
646.74,0.0645073318089324
647.29,0.0559063542344081
647.87,0.0586334934653548
648.42,0.0619689945247435
649.0,0.0730034194130357
649.55,0.0904151545029264
650.13,0.1089806792674484
650.69,0.1212528058067087
651.26,0.1254903606117183
651.82,0.1200780381379932
652.39,0.1226793094044347
652.96,0.1247351528246869
653.52,0.1138685518890683
654.09,0.0993308019887138
654.65,0.0805345192892655
655.22,0.0748285048983616
655.78,0.0801569153957498
656.35,0.0906039564496842
656.91,0.1074492856993014
657.48,0.1307348591327697
658.04,0.1528246869034382
658.61,0.1679917766263189
659.18,0.1681596005789926
659.74,0.1624326081940044
660.31,0.1694602362122134
660.87,0.1665233170404245
661.44,0.147601166376471
662.01,0.1275671820260546
662.57,0.0974637605152195
663.14,0.0901214625857475
663.7,0.0925758878935996
664.27,0.097212024586209
664.84,0.1123581363150055
665.4,0.1344060080975057
665.97,0.1567056158090163
666.54,0.1713272776857076
667.1,0.1723971553840022
667.67,0.1691036103127819
668.24,0.1653695273657932
668.8,0.1702154439992448
669.37,0.152803708909354
669.94,0.1286160817302649
670.5,0.0992888460005454
671.07,0.0780800939814135
671.64,0.0779961820050766
672.2,0.0776395561056451
672.77,0.0821078688455809
673.34,0.0971490906039564
673.9,0.1161971092324151
674.47,0.1349724139377792
675.04,0.1389162768256099
675.61,0.1379932450859048
676.17,0.1307977931150223
676.74,0.1337347122868111
677.31,0.1329585265056955
677.88,0.116176131238331
678.44,0.0965197507814302
679.01,0.063752124021901
679.58,0.0500534938849147
680.15,0.0479137384883257
680.71,0.0447250833875264
681.28,0.0439908535945792
681.85,0.0491514401392938
682.42,0.0588432734061969
682.98,0.0660597033711636
683.55,0.0715349598271413
684.12,0.0698567203004048
684.69,0.0634794100988063
685.26,0.0652415616018796
685.83,0.0657450334599005
686.39,0.0590320753529547
686.96,0.0470746187249575
687.53,0.0327256707713608
688.1,0.0199500723740795
688.67,0.0152719796933017
689.24,0.0130483123203759
689.8,0.0079087037697455
690.37,0.0062933982252617
690.94,0.0057060143909039
691.51,0.0051186305565461
692.08,0.0059787283139986
692.65,0.0051815645387988
693.22,0.0058528603494933
693.78,0.0057899263672407
694.35,0.005202542532883
694.92,0.0051186305565461
695.49,0.0057479703790723
696.06,0.0063773102015985
696.63,0.0056850363968197
697.2,0.006020684302167
697.77,0.0070695840063773
698.34,0.0072164299649667
698.91,0.0075310998762298
699.48,0.0088527135035347
700.05,0.0095659653023977
700.62,0.0103631290775976
701.18,0.0090415154502926
701.75,0.0088107575153663
702.32,0.009083471438461
702.89,0.0087478235331137
703.46,0.0095240093142293
704.03,0.0092093394029662
704.6,0.0098177012314082
705.17,0.009796723237324
705.74,0.0102162831190081
706.31,0.0105938870125238
706.88,0.0106987769829448
707.45,0.0096708552728188
708.02,0.0098806352136608
708.59,0.0109505129119553
709.16,0.012146258574755
709.73,0.0132161362730495
710.3,0.0146216618766913
710.87,0.0169292412259539
711.44,0.0191948645870481
712.01,0.02020180830309
712.59,0.0205794121966057
713.16,0.0202647422853426
713.73,0.0206633241729425
714.3,0.0211667960309635
714.87,0.0226981895991105
715.44,0.0191529085988797
716.01,0.0198242044095743
716.58,0.0176424930248169
717.15,0.017139021166796
717.72,0.0174536910780591
718.29,0.0186074807526904
718.86,0.0214814659422266
719.44,0.024586209066689
720.01,0.029075499800709
720.58,0.0338165264637395
721.15,0.0391868929492961
721.72,0.0462354989615892
722.29,0.0536197528792296
722.86,0.0582349115777549
723.43,0.0576265497493129
724.01,0.0549203885124504
724.58,0.0569342759445341
725.15,0.059367723258302
725.72,0.0582349115777549
726.29,0.0504520757725146
726.86,0.0491094841511254
727.44,0.0415783842748956
728.01,0.0385785311208542
728.58,0.039480584866475
729.15,0.0387883110616962
729.72,0.0413895823281377
730.3,0.0484381883404308
730.87,0.0567035180096079
731.44,0.0664373072646793
732.01,0.0771780402357926
732.58,0.089869726656737
733.16,0.1037991147286496
733.73,0.1168893830371939
734.3,0.1208961799072772
734.87,0.1182109966644989
735.45,0.1155467914158048
736.02,0.1206024879900983
736.59,0.1174977448656359
737.16,0.1143090897648366
737.74,0.0985755942016824
738.31,0.0911074283077052
738.88,0.0732761333361304
739.45,0.0654093855545532
740.03,0.0663533952883425
740.6,0.0667939331641108
741.17,0.0692064024837945
741.75,0.0801988713839182
742.32,0.0936457655918941
742.89,0.1088967672911116
743.47,0.1274832700497178
744.04,0.1491115819505339
744.61,0.1723551993958337
745.19,0.1953890369002916
745.76,0.205122826155363
746.33,0.2054374960666261
746.91,0.1959973987287335
747.48,0.1982840000839119
748.05,0.20216492898949
748.63,0.195745662799723
749.2,0.1762990622836644
749.77,0.158614613270679
750.35,0.1345528540560951
750.92,0.1052465963204598
751.5,0.1000230757934926
752.07,0.0955337850594726
752.64,0.089869726656737
753.22,0.0924080639409259
753.79,0.1045123665275126
754.37,0.1216513876943086
754.94,0.1369653233757788
755.51,0.1614466424720468
756.09,0.1849000398581887
756.66,0.2118777402504772
757.24,0.2390232645954393
757.81,0.2540225303656464
758.39,0.2577985693008034
758.96,0.2447083009922591
759.53,0.2436384232939646
760.11,0.2553651219870356
760.68,0.250309425412742
761.26,0.229394365310789
761.83,0.2054794520547945
762.41,0.1787534875915165
762.98,0.1348675239673582
763.56,0.1246092848601816
764.13,0.1202039061024984
764.71,0.1147706056346892
765.28,0.1113511925989636
765.86,0.1247980868069395
766.43,0.1386645408965994
767.01,0.1606075227086786
767.58,0.1861587195032411
768.16,0.2116260043214667
768.73,0.2500157334955631
769.31,0.2836434580125448
769.88,0.3206486395770836
770.46,0.3372632108917745
771.04,0.3323543602760704
771.61,0.3127399358073381
772.19,0.3147328452453376
772.76,0.3231450208731041
773.34,0.3137049235352115
773.91,0.2838532379533869
774.49,0.243072017453691
775.07,0.201451677190627
775.64,0.1312383309907906
776.22,0.0995615599236401
776.79,0.0821078688455809
777.37,0.0608781388323648
777.95,0.038662443097191
778.52,0.0278168201556567
779.1,0.024795989007531
779.67,0.0234743753802261
780.25,0.0226562336109421
780.83,0.022236673729258
781.4,0.0231387274748788
781.98,0.0224884096582684
782.56,0.0240198032264154
783.13,0.0234114413979735
783.71,0.0242715391554259
784.29,0.024586209066689
784.86,0.0231177494807946
785.44,0.022341563699679
786.02,0.0219849378002475
786.59,0.0205164782143531
787.17,0.0196144244687323
787.75,0.0182088988650905
788.32,0.0157754515513226
788.9,0.0150621997524596
789.48,0.013677652142902
790.05,0.0120833245925024
790.63,0.0115588747403973
791.21,0.0096288992846504
791.79,0.0102792171012607
792.36,0.0094610753319767
792.94,0.0084541316159348
793.52,0.0094191193438083
794.1,0.0094820533260609
794.67,0.0100694371604187
795.25,0.0105938870125238
795.83,0.0118735446516604
796.41,0.0115588747403973
796.98,0.0123979945037655
797.56,0.013677652142902
798.14,0.0139923220541651
798.72,0.0156286055927332
799.29,0.0140342780423335
799.87,0.0153978476578069
800.45,0.0140552560364177
801.03,0.0131322242967127
801.61,0.0152719796933017
802.18,0.0136986301369863
802.76,0.0132161362730495
803.34,0.0126077744446076
803.92,0.0115378967463131
804.5,0.01122322683505
805.08,0.0100484591663345
805.65,0.0086219555686085
806.23,0.0078457697874929
806.81,0.0066500241246931
807.39,0.0061885082548406
807.97,0.0063353542134301
808.55,0.0062094862489248
809.13,0.0054962344500618
809.7,0.0057899263672407
810.28,0.0055381904382302
810.86,0.0064402441838511
811.44,0.0059997063080828
812.02,0.0063353542134301
812.6,0.0056011244204829
813.18,0.0059577503199144
813.76,0.0064612221779353
814.34,0.0067968700832826
814.92,0.0062094862489248
815.49,0.0068598040655352
816.07,0.0058948163376617
816.65,0.0064612221779353
817.23,0.0059997063080828
817.81,0.0051605865447145
818.39,0.0053703664855566
818.97,0.0059577503199144
819.55,0.0050976525624619
820.13,0.004699070674862
820.71,0.0039648408819148
821.29,0.0039648408819148
821.87,0.0046571146866936
822.45,0.0033774570475571
823.03,0.0033145230653044
823.61,0.0037550609410728
824.19,0.0041955988168411
824.77,0.0045732027103568
825.35,0.0041116868405043
825.93,0.0042375548050095
826.51,0.004594180704441
827.09,0.0044473347458516
827.67,0.005202542532883
828.25,0.0059367723258302
828.83,0.0051396085506303
829.41,0.0060836182844196
829.99,0.0058318823554091
830.57,0.0063563322075143
831.15,0.0067129581069458
831.73,0.0069017600537036
832.31,0.0065661121483563
832.89,0.0069646940359562
833.47,0.0072164299649667
834.05,0.0076989238289034
834.64,0.0065241561601879
835.22,0.0074262099058088
835.8,0.0078877257756613
836.38,0.0077828358052403
836.96,0.007447187899893
837.54,0.0078247917934087
838.12,0.0089366254798716
838.7,0.0084541316159348
839.28,0.0087268455390295
839.86,0.0094191193438083
840.45,0.0104680190480186
841.03,0.0109924689001237
841.61,0.0122511485451761
842.19,0.0132161362730495
842.77,0.0145587278944387
843.35,0.0158593635276594
843.93,0.0174536910780591
844.52,0.0192158425811323
845.1,0.0215024439363108
845.68,0.0239149132559944
846.26,0.0269777003922884
846.84,0.0311523212150454
847.42,0.0327046927772766
848.01,0.0358513918899074
848.59,0.0356206339549812
849.17,0.0367324676414441
849.75,0.0370681155467914
850.33,0.039270804925633
850.92,0.0393337389078856
851.5,0.0398162327718223
852.08,0.0405294845706853
852.66,0.0384946191445174
853.25,0.039375694896054
853.83,0.038767333067612
854.41,0.0365017097065178
854.99,0.0356416119490654
855.57,0.0362080177893389
856.16,0.0365436656946862
856.74,0.0385365751326858
857.32,0.0415364282867272
857.91,0.0450607312928737
858.49,0.0504730537665988
859.07,0.0559692882166607
859.65,0.0632906081520485
860.24,0.0693742264364681
860.82,0.0752270867859615
861.4,0.0865552035914325
861.99,0.0973378925507143
862.57,0.1101974029243323
863.15,0.1228051773689399
863.73,0.138412804967589
864.32,0.1552791122112903
864.9,0.1735509450586335
865.48,0.1892634626277035
866.07,0.198703559965596
866.65,0.2022907969539952
867.23,0.1958925087583125
867.82,0.1962910906459124
868.4,0.1975287922968805
868.98,0.1953261029180389
869.57,0.1921374478172397
870.15,0.1823407245799156
870.74,0.1672575468333718
871.32,0.1598523149216472
871.9,0.1479577922759025
872.49,0.1240219010258239
873.07,0.1116868405043109
873.65,0.1073443957288804
874.24,0.1017432713083974
874.82,0.0941911934380834
875.41,0.0923661079527575
875.99,0.0956176970358094
876.58,0.0999391638171558
877.16,0.1083723174390064
877.74,0.1174977448656359
878.33,0.1281545658604124
878.91,0.1434894795359667
879.5,0.1575447355723845
880.08,0.1763200402777486
880.67,0.1961652226814072
881.25,0.2174788646709601
881.83,0.2468690343829323
882.42,0.2736159768402945
883.0,0.3066772955170027
883.59,0.3370534309509325
884.17,0.3652478550001048
884.76,0.3773941135748599
885.34,0.3788415951666701
885.93,0.3621640898697266
886.51,0.3529757284608446
887.1,0.3583041389582328
887.68,0.3572342612599383
888.27,0.3495982714132875
888.85,0.3343682477081541
889.44,0.3031110365226877
890.02,0.2824267343556609
890.61,0.261931234135392
891.19,0.2069898676288573
891.78,0.1615934884306362
892.36,0.1412238561748725
892.95,0.1200360821498248
893.54,0.0925549098995154
894.12,0.0642975518680903
894.71,0.0483752543581782
895.29,0.0399211227422433
895.88,0.0324739348423503
896.46,0.0270196563804569
897.05,0.0245442530785206
897.64,0.0212087520191319
898.22,0.0201178963267532
898.81,0.0193626885397218
899.39,0.0168872852377855
899.98,0.0168872852377855
900.57,0.0144118819358492
901.15,0.0146006838826071
901.74,0.0139503660659967
902.32,0.0117057206989867
902.91,0.0106568209947764
903.5,0.0124399504919339
904.08,0.010509975036187
904.67,0.0112651828232184
905.26,0.0106777989888606
905.84,0.0100065031781661
906.43,0.0101113931485871
907.02,0.0105309530302712
907.6,0.0095659653023977
908.19,0.0101743271308397
908.78,0.0094400973378925
909.36,0.009691833266903
909.95,0.0104470410539344
910.54,0.0110134468942079
911.12,0.0106568209947764
911.71,0.0122091925570077
912.3,0.0109924689001237
912.88,0.0117057206989867
913.47,0.0122931045333445
914.06,0.012041368604334
914.64,0.0123560385155971
915.23,0.010719754977029
915.82,0.0106987769829448
916.41,0.0115169187522289
916.99,0.0108456229415343
917.58,0.010719754977029
918.17,0.0101113931485871
918.76,0.0096288992846504
919.34,0.0092512953911346
919.93,0.0091673834147978
920.52,0.0077199018229876
921.11,0.0077199018229876
921.69,0.0075101218821456
922.28,0.0071954519708825
922.87,0.0059787283139986
923.46,0.0058948163376617
924.05,0.0057269923849881
924.63,0.0060416622962512
925.22,0.0066500241246931
925.81,0.0065031781661037
926.4,0.006125574272588
926.99,0.0054752564559776
927.57,0.0062724202311774
928.16,0.0059367723258302
928.75,0.0062933982252617
929.34,0.0067549140951142
929.93,0.0062724202311774
930.52,0.0070276280182088
931.1,0.007447187899893
931.69,0.0073632759235561
932.28,0.0073632759235561
932.87,0.0080135937401665
933.46,0.0085380435922717
934.05,0.0080345717342507
934.64,0.0086848895508611
935.22,0.0086639115567769
935.81,0.0083072856573454
936.4,0.007447187899893
936.99,0.0077828358052403
937.58,0.0065870901424405
938.17,0.0059787283139986
938.76,0.0058948163376617
939.35,0.0053284104973882
939.94,0.0056640584027355
940.52,0.004699070674862
941.11,0.0049927625920409
941.7,0.0043634227695147
942.29,0.0033564790534729
942.88,0.0035662589943149
943.47,0.0035662589943149
944.06,0.0025383372841888
944.65,0.0033355010593887
945.24,0.0030418091422098
945.83,0.0028949631836203
946.42,0.0029578971658729
947.01,0.0035662589943149
947.6,0.003062787136294
948.19,0.0022026893788415
948.78,0.0033564790534729
949.37,0.0027271392309467
949.96,0.0033774570475571
950.55,0.0034194130357255
951.14,0.0032096330948834
951.73,0.0031257211185466
952.32,0.0044683127399358
952.91,0.0035243030061465
953.5,0.0041955988168411
954.09,0.0052235205269672
954.68,0.0050347185802093
955.27,0.0053493884914724
955.86,0.0061465522666722
956.45,0.0062724202311774
957.04,0.0068807820596194
957.63,0.0070486060122931
958.22,0.0082443516750928
958.81,0.0077199018229876
959.4,0.0089576034739558
959.99,0.0096288992846504
960.58,0.0099435691959134
961.17,0.0104470410539344
961.76,0.0118525666575762
962.36,0.0098386792254924
962.95,0.0103841070716818
963.54,0.0099225912018292
964.13,0.0104889970421028
964.72,0.010509975036187
965.31,0.0101533491367555
965.9,0.0098386792254924
966.49,0.0093981413497241
967.08,0.0100694371604187
967.67,0.0085590215863559
968.27,0.0086848895508611
968.86,0.0078667477815771
969.45,0.007447187899893
970.04,0.0075940338584824
970.63,0.0069646940359562
971.22,0.0057899263672407
971.81,0.0048668946275357
972.41,0.005517212444146
973.0,0.005412322473725
973.59,0.0049717845979567
974.18,0.0049927625920409
974.77,0.005202542532883
975.36,0.0053913444796408
975.96,0.0056011244204829
976.55,0.0062724202311774
977.14,0.0053493884914724
977.73,0.0057689483731565
978.32,0.00673393610103
978.92,0.0067549140951142
979.51,0.007761857811156
980.1,0.0073632759235561
980.69,0.008370219639598
981.29,0.0083282636514296
981.88,0.0084331536218506
982.47,0.0090415154502926
983.06,0.0086429335626927
983.65,0.0095449873083135
984.25,0.010719754977029
984.84,0.0104470410539344
985.43,0.0107826889592817
986.03,0.0122301705510919
986.62,0.0119574566279972
987.21,0.0107826889592817
987.8,0.0111393148587132
988.4,0.0109924689001237
988.99,0.012146258574755
989.58,0.0116847427049025
990.17,0.0112861608173026
990.77,0.0106568209947764
991.36,0.0102162831190081
991.95,0.0102792171012607
992.55,0.0091673834147978
993.14,0.0093981413497241
993.73,0.0096288992846504
994.33,0.0078877257756613
994.92,0.0072793639472193
995.51,0.0071115399945457
996.11,0.0077828358052403
996.7,0.0057689483731565
997.29,0.0048668946275357
997.89,0.0048668946275357
998.48,0.0050976525624619
999.07,0.0050137405861251
999.67,0.0042795107931779
1000.26,0.0046151586985252
1000.86,0.0054542784618934
1001.45,0.0043424447754305
1002.04,0.0048878726216199
1002.64,0.0048249386393673
1003.23,0.0042585327990937
1003.82,0.0047620046571146
1004.42,0.0054542784618934
1005.01,0.0052235205269672
1005.61,0.0054752564559776
1006.2,0.0049088506157041
1006.79,0.0046361366926094
1007.39,0.0056640584027355
1007.98,0.0056430804086513
1008.58,0.0057060143909039
1009.17,0.0065451341542721
1009.77,0.0065241561601879
1010.36,0.0057899263672407
1010.96,0.0064822001720195
1011.55,0.0058948163376617
1012.14,0.0063982881956827
1012.74,0.0063773102015985
1013.33,0.0067758920891984
1013.93,0.0072164299649667
1014.52,0.0080345717342507
1015.12,0.0076989238289034
1015.71,0.0082863076632612
1016.31,0.0086848895508611
1016.9,0.0082233736810086
1017.5,0.0097337892550714
1018.09,0.0086429335626927
1018.69,0.009188361408882
1019.28,0.0095659653023977
1019.88,0.0106777989888606
1020.47,0.0118315886634919
1021.07,0.0116218087226499
1021.66,0.0125867964505234
1022.26,0.0139084100778283
1022.85,0.0129224443558706
1023.45,0.014390903941765
1024.04,0.0152719796933017
1024.64,0.0159432755039963
1025.24,0.017034131196375
1025.83,0.01795716293608
1026.43,0.0189850846462061
1027.02,0.0198242044095743
1027.61,0.0206003901906899
1028.21,0.0207891921374478
1028.81,0.0246491430489416
1029.41,0.0245232750844364
1030.0,0.0258658667058255
1030.59,0.0271665023390463
1031.19,0.0291174557888774
1031.79,0.031110365226877
1032.39,0.0333969665820554
1032.98,0.0335018565524764
1033.58,0.0355576999727286
1034.17,0.0385365751326858
1034.77,0.0408651324760326
1035.36,0.0433615137720531
1035.96,0.0459837630325788
1036.56,0.0492353521156307
1037.16,0.0527176991336088
1037.75,0.0550252784828714
1038.34,0.0591159873292915
1038.94,0.0626822463236065
1039.54,0.0648639577083639
1040.14,0.0675701189452264
1040.73,0.0683043487381736
1041.33,0.0683253267322578
1041.93,0.0694371604187207
1042.52,0.0685560846671841
1043.11,0.0664163292705951
1043.72,0.0627032243176907
1044.32,0.0622836644360066
1044.91,0.0618641045543225
1045.51,0.059262833287881
1046.1,0.0572489458557972
1046.7,0.0554658163586397
1047.3,0.0530533470389561
1047.9,0.0500744718789989
1048.5,0.046214520967505
1049.08,0.0451446432692105
1049.69,0.0425014160146006
1050.29,0.0393547169019698
1050.88,0.0361660618011705
1051.48,0.0319914409784136
1052.08,0.0297467956114036
1052.68,0.0271665023390463
1053.27,0.0241037152027523
1053.86,0.0224044976819316
1054.47,0.0204535442321005
1055.07,0.0196773584509849
1055.67,0.0161740334389225
1056.26,0.0147475298411965
1056.85,0.0134049382198074
1057.46,0.0130902683085443
1058.06,0.0116218087226499
1058.65,0.0103421510835133
1059.25,0.0102162831190081
1059.84,0.0095869432964819
1060.45,0.0098596572195766
1061.05,0.0098177012314082
1061.65,0.0075940338584824
1062.24,0.0079506597579139
1062.83,0.0063353542134301
1063.44,0.0068598040655352
1064.04,0.0059787283139986
1064.64,0.006838826071451
1065.24,0.0057060143909039
1065.83,0.0052444985210514
1066.43,0.0060836182844196
1067.03,0.0048878726216199
1067.63,0.0059997063080828
1068.23,0.004594180704441
1068.83,0.003985818875999
1069.43,0.0039019068996622
1070.02,0.0042165768109253
1070.61,0.004699070674862
1071.22,0.0040907088464201
1071.82,0.0033774570475571
1072.42,0.0033355010593887
1073.02,0.0034194130357255
1073.61,0.0043214667813463
1074.22,0.0026432272546099
1074.82,0.0035662589943149
1075.42,0.0021607333906731
1076.01,0.0029788751599572
1076.6,0.0024754033019362
1077.21,0.0020138874320837
1077.81,0.0019929094379995
1078.41,0.002559315278273
1079.01,0.002454425307852
1079.6,0.0021607333906731
1080.21,0.0018041074912416
1080.81,0.0019509534498311
1081.41,0.0022236673729258
1082.01,0.0019719314439153
1082.6,0.0019089974616627
1083.21,0.0018880194675785
1083.81,0.0020138874320837
1084.41,0.0027690952191151
1085.01,0.00184606347941
1085.6,0.0026012712664415
1086.21,0.0011537896746313
1086.81,0.0020348654261679
1087.41,0.00184606347941
1088.01,0.000818141769284
1088.6,0.00184606347941
1089.21,0.0016992175208206
1089.81,0.0015104155740628
1090.41,0.0016572615326522
1091.01,0.0005664058402735
1091.6,0.0009859657219576
1092.21,0.0014265035977259
1092.81,0.0014684595858943
1093.41,0.001741173508989
1094.01,0.0007552077870314
1094.6,0.0007971637751998
1095.21,0.0011747676687155
1095.81,0.0006503178166103
1096.41,0.0010069437160418
1097.01,0.0018670414734943
1097.6,0.0011118336864629
1098.21,0.0013845476095575
1098.82,0.0009440097337892
1099.42,0.0014055256036417
1100.02,0.0008810757515366
1100.61,0.0014265035977259
1101.22,0.0013635696154733
1101.82,0.0013006356332207
1102.42,0.0009649877278734
1103.02,0.0007761857811156
1103.61,0.0005664058402735
1104.23,8.391197633682267e-05
1104.83,0.0009440097337892
1105.43,0.0007552077870314
1106.03,0.0008600977574524
1106.63,0.0020977994084205
1107.23,0.0012586796450523
1107.83,0.0002727139230946
1108.43,0.0012796576391365
1109.04,0.0013425916213891
1109.64,0.0009649877278734
1110.24,0.0012167236568839
1110.83,0.0008391197633682
1111.44,0.0001888019467578
1112.04,0.0007552077870314
1112.65,0.0013425916213891
1113.25,0.0007761857811156
1113.84,0.0008600977574524
1114.45,0.0008810757515366
1115.05,0.001531393568147
1115.66,0.0002517359290104
1116.26,0.000209779940842
1116.85,0.0009859657219576
1117.46,0.0009649877278734
1118.06,0.0003356479053472
1118.67,0.0011747676687155
1119.27,0.0
1119.86,0.0007552077870314
1120.47,0.0005873838343577
1121.08,0.0003356479053472
1121.68,0.0003776038935157
1122.28,0.0006503178166103
1122.88,0.0006503178166103
1123.49,0.001531393568147
1124.08,0.000818141769284
1124.69,0.0006293398225261
1125.29,0.0015104155740628
1125.9,0.0002517359290104
1126.5,0.0008391197633682
1127.09,0.0006293398225261
1127.71,0.0003566258994314
1128.31,0.0
1128.91,0.0007342297929471
1129.51,8.391197633682267e-05
1130.11,0.0008391197633682
1130.72,0.000923031739705
1131.32,0.0003356479053472
1131.93,0.000923031739705
1132.53,0.0003985818875999
1133.13,0.0007971637751998
1133.74,0.0006293398225261
1134.33,0.0014684595858943
1134.94,0.0002307579349262
1135.55,0.0004195598816841
1136.15,0.0008810757515366
1136.75,0.0009440097337892
1137.35,0.0006083618284419
1137.96,0.0005664058402735
1138.56,0.0001468459585894
1139.17,0.000314669911263
1139.77,0.0
1140.36,0.0018880194675785
1140.98,0.0007971637751998
1141.58,0.0005664058402735
1142.19,0.0002517359290104
1142.79,0.0010069437160418
1143.39,0.0008600977574524
1144.0,0.0012377016509681
1144.59,0.0001888019467578
1145.21,0.0010908556923786
1145.81,0.0004824938639367
1146.41,0.0009020537456208
1147.02,0.0005873838343577
1147.61,0.0008600977574524
1148.23,0.0003356479053472
1148.83,0.0
1149.44,0.0002307579349262
1150.04,0.0011118336864629
1150.64,0.0
1151.25,0.0007132517988629
1151.84,8.391197633682267e-05
1152.46,0.0006293398225261
1153.06,4.1955988168411336e-05
1153.67,0.0009020537456208
1154.27,0.0008810757515366
1154.88,0.000209779940842
1155.48,0.0013635696154733
1156.08,0.000314669911263
1156.69,0.0001678239526736
1157.3,0.0013216136273049
1157.9,0.0010908556923786
1158.51,0.0004195598816841
1159.1,0.0002307579349262
1159.72,0.0006712958106945
1160.32,0.0
1160.93,0.0015733495563154
1161.53,0.0010908556923786
1162.14,0.0007132517988629
1162.74,0.0007971637751998
1163.34,0.0002936919171788
1163.95,0.0008391197633682
1164.56,0.0003776038935157
1165.16,0.0002727139230946
1165.77,0.0005454278461893
1166.36,4.1955988168411336e-05
1166.98,0.000923031739705
1167.58,0.000104889970421
1168.19,8.391197633682267e-05
1168.8,0.0004405378757683
1169.4,0.0003356479053472
1170.01,0.0005454278461893
1170.6,0.0005454278461893
1171.22,0.0
1171.83,0.0001468459585894
1172.43,0.0002517359290104
1173.04,0.0001678239526736
1173.64,0.0016572615326522
1174.25,0.0016153055444838
1174.85,0.0011118336864629
1175.46,0.001027921710126
1176.07,0.0002936919171788
1176.67,2.0977994084205668e-05
1177.28,0.0003776038935157
1177.89,0.0004195598816841
1178.49,0.0001888019467578
1179.09,0.0004405378757683
1179.71,6.2933982252617e-05
1180.31,0.0003566258994314
1180.92,0.0
1181.53,6.2933982252617e-05
1182.13,0.0002517359290104
1182.74,0.0
1183.33,0.0
1183.95,0.0004615158698525
1184.56,0.000314669911263
1185.17,0.0004824938639367
1185.77,0.0003776038935157
1186.38,0.0
1186.99,0.000104889970421
1187.58,0.0
1188.2,0.000104889970421
1188.81,0.000104889970421
1189.41,0.0011747676687155
1190.02,0.0
1190.63,0.0
1191.24,0.0
1191.83,0.0001888019467578
